customer_id,total_orders,days_since_last_order,average_order_value,completed_orders,canceled_orders,address_status_changed,shipping_method_preference,churn
2,1,1041,4.3599997,0,0,False,International,1
4,1,393,26.76,1,0,False,International,1
5,2,760,260.64,6,0,True,Express,1
6,4,397,134.824,8,0,False,Priority,1
7,1,544,125.36,2,0,False,Standard,1
8,1,1050,35.84,1,0,False,Priority,1
9,5,343,143.63,10,0,False,International,1
10,3,25,119.71334,5,0,False,International,0
11,3,534,48.92,2,0,False,International,1
12,3,37,311.49,24,0,True,Express,0
13,1,534,107.100006,0,0,True,Express,1
14,13,125,164.04102,42,0,False,International,1
15,19,46,273.83554,48,8,True,Standard,0
16,6,468,208.2,21,6,False,Express,1
17,4,797,130.60889,4,0,False,International,1
18,5,206,103.99734,4,0,False,Standard,1
19,3,580,117.68,6,0,False,Express,1
20,2,229,25.613333,1,0,False,Priority,1
21,1,836,57.569996,0,0,False,Express,1
22,3,167,50.729996,1,0,False,International,1
23,3,991,200.92726,6,4,False,Standard,1
24,1,734,77.68,0,0,False,Standard,1
25,3,546,51.462856,4,0,True,Priority,1
26,4,779,57.173336,6,0,False,Standard,1
27,18,236,337.60028,108,8,True,Express,1
28,1,535,30.03,0,0,False,Express,1
29,3,79,98.316315,3,0,False,Standard,0
31,4,216,106.08963,2,0,False,Express,1
32,1,1080,113.159996,3,0,False,Express,1
33,5,74,59.069996,2,0,False,Standard,0
34,1,334,81.65,1,0,False,Express,1
35,1,861,118.52,2,0,False,Express,1
36,6,260,114.566315,12,0,False,International,1
37,5,93,348.76154,24,0,False,Priority,1
38,5,595,167.17142,10,0,True,Express,1
41,8,27,318.0743,42,0,False,Priority,0
42,1,628,36.8,0,2,False,Priority,1
44,13,215,195.575,30,0,True,International,1
45,4,554,165.17111,6,0,False,Standard,1
47,1,943,26.68,0,0,False,Priority,1
48,2,447,180.41599,10,0,True,Standard,1
51,4,835,76.207695,3,4,False,Standard,1
52,5,27,213.97952,12,0,False,Express,0
53,17,73,420.34833,84,12,True,International,0
54,4,61,47.085716,4,2,False,Express,0
55,10,44,402.08484,48,0,True,Standard,0
56,1,798,281.76,6,0,False,Priority,1
57,1,423,78.92,0,0,False,International,1
58,1,659,78.4,2,0,False,Standard,1
59,2,155,70.324615,1,0,False,Express,1
60,11,49,136.70064,18,6,False,Priority,0
61,10,53,77.524445,16,6,False,Express,0
62,9,27,84.7024,9,0,False,Priority,0
63,1,761,76.82,0,0,False,Standard,1
64,3,216,107.199,2,0,False,Express,1
65,1,541,36.58,0,0,False,Standard,1
66,2,152,128.2,8,0,False,International,1
67,5,232,334.43335,18,0,True,International,1
68,2,97,129.712,2,6,True,International,1
69,5,252,101.815,6,0,False,Priority,1
70,1,122,50.72,1,0,False,Standard,1
71,7,117,89.13025,7,3,False,Express,1
72,6,160,92.82714,4,0,False,Priority,1
73,2,188,50.015,0,0,False,Express,1
74,1,125,25.02,0,0,False,Priority,1
75,8,46,259.41342,32,0,False,International,0
76,5,437,84.505,6,0,False,Priority,1
77,4,361,161.85777,4,0,True,Standard,1
78,1,1027,39.12,1,0,False,Express,1
79,1,265,28.4,0,4,False,Standard,1
81,4,78,336.3,9,0,False,Express,0
82,4,232,60.533333,9,0,True,International,1
84,1,823,96.85,2,0,False,Standard,1
85,10,90,113.06069,16,4,False,Priority,0
86,1,57,1.12,0,0,False,Priority,0
87,2,515,130.21333,0,0,False,Standard,1
88,5,732,225.49895,18,0,False,Express,1
89,1,564,14.4,0,0,False,Standard,1
91,12,19,187.65187,30,0,False,International,0
92,1,722,70.880005,2,0,False,Standard,1
93,1,967,118.52,3,0,False,International,1
95,5,320,38.424004,2,1,False,Priority,1
96,10,69,335.05774,40,0,True,Standard,0
97,4,16,107.69333,3,2,False,Priority,0
98,9,63,154.25493,30,4,True,International,0
99,2,342,335.22665,12,0,False,Express,1
101,4,100,137.40593,6,6,False,Express,1
102,6,116,251.8,14,2,False,Express,1
104,6,105,307.11652,30,3,True,Express,1
105,6,122,115.44581,4,0,True,International,1
106,2,128,193.5,6,0,True,International,1
107,7,342,106.79142,12,6,False,Priority,1
109,10,213,237.10147,39,0,True,International,1
110,1,447,35.760002,4,0,False,International,1
111,2,225,171.6,6,0,True,Standard,1
113,9,14,166.40947,30,0,False,Express,0
114,1,384,124.16,0,0,False,Express,1
115,8,57,158.1945,16,6,False,Express,0
116,1,929,134.92,4,0,False,Standard,1
117,2,286,180.22499,0,3,True,International,1
118,5,44,102.3523,4,0,False,Express,0
119,1,959,18.82,0,0,False,Priority,1
120,5,104,92.437294,7,0,False,Priority,1
121,5,155,131.8008,6,0,False,Express,1
122,5,423,50.281815,1,0,False,Express,1
123,1,164,15.3,0,0,False,Priority,1
124,2,300,72.246666,2,0,False,Priority,1
125,1,927,146.56,2,0,False,International,1
126,1,913,69.159996,0,0,False,Express,1
127,2,484,98.32001,4,0,False,Priority,1
128,1,1068,218.22,0,0,False,Standard,1
129,1,977,20.28,0,0,False,Standard,1
130,1,457,61.08,0,0,False,Priority,1
131,3,278,89.85,5,0,False,Priority,1
132,1,262,163.51999,3,0,False,Express,1
133,4,94,63.343334,5,2,False,Priority,1
134,1,1063,63.440002,0,0,False,International,1
135,5,681,95.10307,6,0,True,Standard,1
137,6,152,154.42401,22,0,False,Priority,1
139,1,765,38.88,0,0,False,Express,1
141,2,52,186.96748,0,0,False,Standard,0
142,1,1086,226.39998,6,0,False,International,1
143,6,19,55.88,7,1,False,Express,0
144,5,385,89.556,6,0,False,Priority,1
145,1,409,94.78,0,0,False,Standard,1
148,2,274,27.22143,0,0,False,International,1
149,4,160,279.59143,15,0,False,Express,1
150,1,488,120.6,0,0,True,Priority,1
151,1,1001,63.48,3,0,False,Express,1
152,2,854,137.22667,4,4,False,Standard,1
153,6,600,122.164795,20,6,True,International,1
155,4,77,112.39857,4,0,False,Priority,0
156,3,379,74.72,2,0,False,Priority,1
158,7,49,199.52,18,0,True,Standard,0
160,8,206,77.560555,10,6,True,Standard,1
162,2,143,40.83,1,0,False,Priority,1
163,1,347,163.76001,3,0,False,Standard,1
164,8,261,166.944,26,0,False,Standard,1
165,5,244,136.0138,12,0,False,International,1
166,3,644,89.89273,0,0,False,Express,1
168,10,132,140.36667,22,0,True,Express,1
169,8,246,149.30205,6,0,False,Standard,1
170,13,64,215.34698,42,0,True,Express,0
171,3,217,54.52,3,0,False,Priority,1
172,1,807,56.64,0,0,False,International,1
174,7,345,120.25637,12,10,False,International,1
176,1,974,34.8,2,0,False,Priority,1
177,4,283,64.579994,0,0,True,International,1
178,1,315,55.28,0,0,False,Priority,1
179,1,412,89.36,4,0,True,Standard,1
180,2,119,97.93001,3,0,False,Express,1
181,5,95,94.87647,6,0,False,Express,1
182,5,30,158.18857,6,2,False,Express,0
183,7,211,307.12125,9,0,False,Express,1
184,1,1059,14.76,1,0,False,Priority,1
185,5,334,118.52923,10,0,True,Standard,1
186,3,360,127.423996,10,0,False,International,1
187,6,204,61.32308,0,0,True,Standard,1
188,2,458,64.986664,3,0,False,Priority,1
189,14,157,214.09096,39,0,False,Express,1
191,2,255,58.446667,0,0,False,Priority,1
192,1,397,4.13,0,0,False,Priority,1
193,1,520,17.66,0,2,False,International,1
194,4,255,47.19,1,0,False,Express,1
195,8,108,71.40727,14,0,False,International,1
196,1,654,119.44,2,0,False,Express,1
197,1,45,2.5,0,0,False,Standard,0
198,2,771,79.00857,2,0,False,International,1
199,1,629,64.32,0,0,False,Express,1
200,2,863,99.65333,2,0,False,Express,1
201,1,960,106.63999,0,0,False,International,1
203,3,612,63.153336,2,0,False,International,1
204,1,156,86.28,0,0,False,Express,1
205,10,110,170.6703,22,6,True,Express,1
206,7,61,158.4087,14,0,False,Priority,0
209,9,63,156.25943,28,0,False,Standard,0
210,4,599,124.57143,0,0,True,Express,1
211,4,15,72.89629,2,0,False,Standard,0
212,1,680,32.02,0,0,False,International,1
214,4,32,88.6425,7,0,False,Priority,0
215,6,78,133.83778,14,4,False,Priority,0
216,6,101,86.10541,5,0,False,Express,1
217,1,838,73.12,0,0,False,International,1
218,1,893,35.84,2,0,False,Priority,1
219,3,49,52.560913,0,0,False,Priority,0
220,8,12,109.70545,6,0,True,Priority,0
221,4,526,106.207695,3,3,False,International,1
222,6,33,178.866,12,0,False,Priority,0
223,1,1082,37.629997,0,0,False,Standard,1
224,6,257,179.10445,12,0,True,International,1
225,2,604,250.584,6,0,False,Express,1
226,3,371,96.344,2,0,False,International,1
227,9,61,282.61374,27,0,True,Standard,0
228,3,261,35.104614,2,0,False,Priority,1
229,5,51,174.9032,10,0,False,Priority,0
230,9,135,159.54118,12,4,False,Express,1
231,15,208,160.63481,48,0,True,Express,1
232,12,23,169.32188,30,6,False,Express,0
233,1,265,93.04,3,0,False,International,1
234,8,287,419.92682,32,0,True,Standard,1
235,5,53,133.05333,0,0,True,Priority,0
236,4,158,82.181435,4,0,False,Standard,1
237,4,35,296.16,21,0,False,Priority,0
238,6,279,97.7187,8,0,False,Express,1
239,4,266,151.06,4,0,True,Priority,1
240,3,602,134.0,0,0,True,Express,1
241,2,505,38.473335,1,0,False,International,1
242,6,277,238.71599,12,0,True,International,1
243,3,613,47.006252,3,0,False,Standard,1
244,7,125,59.464706,0,0,False,International,1
245,3,371,150.35144,0,15,True,Express,1
246,9,18,60.247623,9,0,False,Standard,0
247,5,28,237.60231,15,0,False,International,0
248,11,170,331.17392,60,4,True,Priority,1
250,4,196,72.41637,2,0,False,Express,1
252,6,146,198.30113,26,0,False,International,1
254,1,718,113.36001,0,0,False,International,1
255,4,296,101.31715,5,0,False,International,1
256,9,120,184.36522,26,0,False,International,1
257,8,18,179.0184,16,0,False,Express,0
258,7,139,137.76,8,2,False,Express,1
260,5,84,54.930668,6,0,False,Priority,0
261,1,14,4.3500004,0,0,False,Standard,0
263,6,61,256.00882,18,0,False,Standard,0
264,8,21,205.384,24,0,False,Express,0
266,4,202,118.0221,8,0,True,Priority,1
267,7,61,196.25308,16,0,False,International,0
268,1,307,24.44,0,1,False,Priority,1
269,7,11,51.29896,4,0,False,Standard,0
270,11,17,175.14888,26,10,True,Standard,0
271,4,212,185.49818,12,0,True,Priority,1
272,1,756,45.8,1,0,False,International,1
273,4,225,86.391426,5,0,False,Standard,1
274,4,552,90.479996,4,0,False,International,1
275,8,244,121.51,16,0,False,International,1
276,7,23,132.69684,12,0,False,Express,0
277,2,167,185.14499,2,0,False,Standard,1
278,1,642,95.88,0,0,False,Express,1
279,1,374,107.32001,0,0,True,International,1
280,1,773,85.22,0,0,True,Priority,1
281,2,573,70.505,0,0,False,Express,1
282,4,384,38.5975,2,1,False,International,1
283,1,882,51.100002,0,0,False,International,1
284,1,557,71.68,0,0,False,International,1
285,3,491,96.58,3,3,False,Priority,1
286,4,17,146.54546,0,2,False,Standard,0
287,5,44,68.06414,2,0,False,Express,0
289,5,124,214.83936,10,0,False,International,1
290,7,37,100.42905,6,2,False,International,0
291,8,311,66.24929,6,2,False,Standard,1
292,1,1024,45.24,1,0,False,Priority,1
294,10,42,213.82764,34,0,False,Priority,0
295,1,937,61.74,0,0,False,International,1
296,6,203,140.844,10,0,False,Express,1
297,1,893,68.58,0,0,False,International,1
299,5,27,175.71826,8,0,True,Standard,0
302,8,26,72.49409,4,2,False,Express,0
303,1,289,73.88,0,0,False,International,1
304,4,713,33.514,1,1,False,Priority,1
305,1,420,26.56,0,0,False,Priority,1
306,6,414,53.723335,4,0,False,Standard,1
307,13,32,363.75034,76,0,True,Standard,0
308,7,324,60.301052,5,0,False,International,1
309,3,75,272.19525,8,0,False,Standard,0
310,9,96,114.68364,14,0,False,International,1
311,7,180,100.71077,10,3,False,Priority,1
312,7,108,47.994286,2,0,False,Express,1
313,4,21,304.36444,18,0,True,Priority,0
314,4,366,110.98499,8,0,False,Standard,1
315,1,725,63.44,2,0,False,International,1
316,2,53,222.084,0,0,True,Standard,0
317,1,1093,81.72,0,0,False,Express,1
318,2,166,121.341675,2,0,False,Express,1
319,4,55,41.334,3,0,False,Standard,0
320,2,488,91.86667,0,0,True,Priority,1
321,2,143,80.65429,3,0,False,International,1
322,9,61,89.50841,12,0,False,International,0
323,5,421,43.290802,4,0,False,Standard,1
324,1,334,53.6,4,0,False,Standard,1
325,3,66,15.343333,0,0,False,Express,0
326,3,37,69.1775,0,0,False,International,0
327,1,1051,21.42,0,0,True,International,1
328,1,291,56.46,0,0,False,Standard,1
329,4,536,51.342857,1,0,False,Standard,1
330,2,163,93.636665,3,0,False,Express,1
331,1,1010,30.62,0,0,False,Express,1
332,2,372,153.05077,6,0,False,Standard,1
333,9,59,84.31575,6,6,False,International,0
334,4,49,84.64,6,0,False,International,0
335,4,66,86.170525,8,0,False,Express,0
336,1,976,127.24,0,0,False,Standard,1
337,5,164,184.59,6,0,True,Express,1
338,10,21,108.478775,8,0,False,Express,0
339,2,55,95.392,0,0,False,International,0
340,7,98,216.81065,20,0,True,Express,1
341,1,431,161.22,0,0,False,International,1
342,7,15,117.616554,11,2,False,International,0
343,6,186,160.63101,14,6,False,Standard,1
344,4,480,178.1543,8,0,False,International,1
345,7,501,109.090324,4,4,True,Standard,1
346,2,368,165.24,4,0,False,Priority,1
347,1,1016,114.28,0,0,False,Priority,1
348,1,660,191.04,3,0,False,Express,1
349,10,366,222.35156,38,0,False,Standard,1
350,1,1035,151.24,3,0,False,International,1
351,12,26,218.28041,27,6,False,Express,0
352,6,21,38.752,5,2,False,Express,0
353,1,544,71.4,1,0,False,International,1
355,1,935,199.84001,3,0,False,Priority,1
356,11,55,136.62706,15,0,False,Priority,0
357,14,107,337.23288,66,0,True,Express,1
358,1,223,47.319996,0,0,False,Priority,1
359,1,989,38.44,2,0,False,Standard,1
361,1,1071,154.04001,0,0,True,Standard,1
362,8,39,183.53204,30,0,False,Standard,0
363,4,446,116.77846,8,0,False,Priority,1
364,4,192,118.32957,3,3,False,Priority,1
365,2,396,265.056,10,0,True,International,1
367,2,546,8.18,1,0,False,Express,1
368,3,185,70.26,2,0,False,International,1
369,1,959,137.84,2,0,False,Standard,1
370,1,461,137.0,3,0,False,International,1
371,1,27,29.48,0,0,False,Express,0
372,13,183,156.28052,28,0,False,Priority,1
373,2,381,125.361115,4,0,False,Standard,1
374,4,248,114.24615,8,6,False,Standard,1
375,1,521,137.51999,3,0,False,International,1
376,8,108,202.65154,22,0,True,Priority,1
377,1,1053,156.0,3,0,False,Express,1
379,1,1075,128.52,3,0,False,Standard,1
380,11,80,107.522964,14,0,False,International,0
381,5,182,150.65778,4,0,False,International,1
382,8,128,169.49428,22,0,False,Express,1
384,5,16,77.82606,3,0,False,Priority,0
385,7,210,106.15693,11,0,False,Standard,1
386,1,345,11.53,0,0,False,Priority,1
387,4,174,203.08261,8,0,False,International,1
388,9,162,237.95872,27,0,True,International,1
389,9,224,89.81588,14,0,False,International,1
391,3,187,356.48727,15,0,True,International,1
394,5,135,381.30548,18,0,False,International,1
395,7,260,39.51,6,1,False,Express,1
396,8,56,133.06488,12,0,False,Standard,0
397,5,29,96.66842,0,0,False,International,0
398,2,632,39.786667,1,0,False,International,1
399,3,417,57.933334,1,0,False,International,1
400,8,180,181.34538,24,0,True,Express,1
402,2,493,164.96,8,0,False,Priority,1
403,7,432,151.1521,14,0,False,Priority,1
404,4,567,121.85333,10,4,False,Express,1
405,11,58,135.19617,20,0,False,Express,0
406,6,13,138.72844,18,0,True,International,0
407,4,64,125.987885,6,0,False,Priority,0
408,7,30,198.1457,21,9,False,Standard,0
409,13,65,171.25946,24,12,False,Express,0
410,7,125,104.68457,4,4,False,Express,1
411,3,581,105.101425,6,0,False,Express,1
413,1,992,85.44,2,0,True,International,1
414,1,1066,43.68,1,0,False,International,1
415,1,747,63.819996,0,0,False,Express,1
417,8,23,160.98462,20,0,False,Express,0
418,1,171,14.38,0,0,False,Standard,1
419,7,65,247.99554,36,0,True,Express,0
420,1,453,59.92,0,0,False,Priority,1
422,7,184,74.82228,10,0,False,Express,1
423,6,59,161.38286,10,2,True,International,0
424,10,106,158.53067,16,4,True,Express,1
425,3,51,245.68,12,0,False,International,0
426,1,648,229.68001,4,0,False,Standard,1
427,16,103,184.89697,36,0,False,Standard,1
428,4,162,107.76,2,0,False,International,1
429,1,124,31.68,1,0,False,International,1
430,1,492,86.48,3,0,False,International,1
431,3,607,216.995,14,0,False,Standard,1
432,1,805,149.68,4,0,False,Express,1
433,1,1054,18.33,0,0,False,Express,1
434,2,505,64.228004,0,0,False,Express,1
435,1,103,39.079998,2,0,False,Standard,1
436,2,446,90.048,2,0,False,Standard,1
437,4,140,146.0912,10,0,True,International,1
438,5,147,82.85333,6,0,False,Standard,1
439,7,323,32.478664,4,0,False,Standard,1
444,13,281,76.54475,24,6,True,Standard,1
445,5,98,171.75822,10,0,False,International,1
446,7,45,213.48276,26,0,False,Standard,0
448,3,337,48.444733,0,0,False,International,1
449,10,237,161.4387,20,6,True,Priority,1
450,1,456,85.32,2,0,False,Standard,1
451,1,1079,35.7,0,0,False,Priority,1
452,3,154,99.0291,6,0,False,Express,1
453,7,26,91.49334,11,0,False,International,0
454,11,40,211.28668,39,6,True,Express,0
455,1,578,149.12,4,0,False,International,1
456,3,238,35.208,1,0,False,International,1
457,6,47,160.27637,16,8,False,International,0
458,3,119,92.34527,3,0,False,Standard,1
459,5,148,70.35333,2,0,False,Standard,1
461,2,691,83.03429,0,4,False,Priority,1
462,4,15,67.62857,0,0,False,Standard,0
463,1,173,119.520004,0,4,True,Standard,1
464,2,374,30.980001,1,1,False,International,1
466,1,990,309.68,6,0,False,International,1
467,4,399,139.69818,4,0,False,Standard,1
468,5,115,237.77357,15,0,True,Priority,1
469,2,539,90.50285,3,0,False,International,1
470,10,101,162.55614,20,0,True,Express,1
471,1,793,187.2,4,0,True,International,1
472,8,94,93.55925,11,0,False,International,1
474,1,371,30.84,1,0,False,Priority,1
475,2,446,35.0,0,0,False,International,1
476,1,669,54.75,0,0,False,International,1
477,1,391,83.32,0,0,False,Priority,1
478,4,444,112.68837,9,0,False,International,1
479,14,14,291.64474,60,0,True,Priority,0
480,7,72,114.90581,2,0,False,Priority,0
481,4,129,85.443756,3,0,False,Express,1
482,3,66,321.168,12,0,True,Priority,0
484,1,176,3.4,0,0,False,International,1
485,1,790,75.0,2,0,False,International,1
486,6,472,206.26799,6,0,False,Priority,1
487,4,28,93.416,8,0,False,International,0
488,7,54,141.75334,18,0,False,International,0
489,3,957,206.58,9,0,True,Priority,1
490,5,74,178.44487,8,0,True,Priority,0
492,7,298,123.63636,6,0,False,Priority,1
493,4,364,166.29068,10,4,True,International,1
494,1,615,92.31,0,0,False,Priority,1
495,4,171,205.19714,12,0,False,International,1
497,1,540,112.88,2,0,False,International,1
498,2,195,235.31999,8,0,False,Priority,1
499,1,394,53.58,0,3,False,Priority,1
500,6,23,79.649994,3,6,True,Standard,0
501,2,324,143.72,6,0,True,Priority,1
502,9,429,307.77032,44,0,True,Express,1
503,3,454,86.62444,2,0,False,Standard,1
504,1,790,157.16,3,0,False,Standard,1
505,16,52,231.92743,27,0,True,International,0
506,4,400,34.52,1,0,False,Express,1
507,4,77,254.78587,12,0,False,Priority,0
508,3,103,111.734116,8,0,False,International,1
509,7,79,65.223145,5,0,False,Standard,0
510,5,150,145.25455,9,0,False,International,1
511,2,734,109.092,0,0,False,Standard,1
512,4,169,203.98155,12,6,True,Standard,1
513,7,112,94.72512,8,0,False,International,1
514,6,83,168.17258,10,0,False,Standard,0
516,4,238,71.53857,4,0,False,International,1
517,1,94,56.94,0,0,False,International,1
518,3,227,347.87445,15,0,True,Priority,1
519,20,123,257.0356,87,6,True,Standard,1
520,1,29,28.04,0,0,False,Express,0
521,4,87,64.17391,2,0,False,Express,0
522,1,916,106.4,2,0,False,Express,1
523,21,47,228.74818,39,18,True,International,0
524,2,194,48.559998,2,0,True,Express,1
525,1,604,25.119999,0,0,False,Standard,1
526,2,367,111.386665,0,4,False,Standard,1
527,1,500,35.28,0,0,False,Priority,1
528,5,180,431.3495,18,0,True,Priority,1
530,1,606,146.76,3,0,False,International,1
531,4,126,92.572495,0,4,False,Standard,1
533,4,583,60.907272,3,2,False,Standard,1
534,3,595,92.44666,0,0,False,International,1
535,2,188,384.13763,8,0,True,Standard,1
536,2,159,47.442726,0,0,False,Express,1
537,8,53,283.32092,36,0,False,Standard,0
539,10,285,234.6038,27,0,True,International,1
540,6,50,81.91125,5,2,False,Express,0
541,5,124,212.60637,15,0,True,Standard,1
542,5,430,98.29867,4,0,False,Standard,1
543,10,56,130.42667,14,0,False,Priority,0
544,8,12,280.30826,18,6,False,International,0
546,3,591,152.7,6,0,False,Standard,1
547,13,106,329.15424,64,0,True,Express,1
548,4,231,218.1,10,0,True,Express,1
549,6,175,77.14066,6,1,False,International,1
550,1,214,102.240005,2,0,False,Express,1
551,7,60,70.05364,8,0,False,International,0
552,1,796,39.78,0,0,False,International,1
553,1,797,44.48,0,0,False,Standard,1
554,1,804,23.76,0,0,False,Standard,1
555,2,907,16.553333,1,0,False,Priority,1
558,2,659,188.056,4,0,False,International,1
559,7,15,87.29214,5,3,False,Priority,0
561,7,20,87.5556,9,0,False,Standard,0
563,1,251,145.28,2,0,False,International,1
564,6,340,306.812,18,0,False,Priority,1
565,3,49,66.33091,4,0,False,Standard,0
566,4,258,203.96501,14,0,False,Priority,1
567,1,352,23.34,0,0,False,Priority,1
568,2,457,32.38,0,0,False,Express,1
569,2,543,11.372,0,0,False,Express,1
570,10,27,174.52963,30,0,False,International,0
571,1,561,485.40002,9,0,True,International,1
572,1,649,120.159996,6,0,False,Priority,1
573,4,87,232.82483,10,0,False,Express,0
574,2,525,95.9,0,4,False,International,1
575,1,1000,180.15999,0,0,True,International,1
576,2,583,124.48,4,0,True,International,1
577,1,291,14.9,0,0,False,International,1
579,4,739,93.32476,4,0,False,International,1
580,4,105,47.055557,4,0,False,Express,1
581,4,317,38.008892,2,0,False,Express,1
582,5,147,206.27,8,0,False,Priority,1
583,3,78,96.687996,0,0,True,Standard,0
584,10,163,253.18874,33,0,True,International,1
585,1,259,17.06,0,0,False,Priority,1
586,1,377,15.44,0,0,False,Priority,1
587,6,104,392.77847,39,0,True,Priority,1
588,5,59,107.593605,11,0,False,International,0
589,7,178,101.92174,10,0,False,Express,1
590,2,18,150.20287,4,0,True,Standard,0
591,1,321,197.87999,3,0,False,Priority,1
592,3,283,30.137333,2,0,False,International,1
593,8,49,307.27133,30,3,False,Express,0
595,7,35,66.84645,5,0,False,Priority,0
596,6,88,132.588,12,0,False,International,0
597,4,110,222.69537,12,0,False,International,1
598,4,582,50.937332,0,0,False,Standard,1
599,1,782,6.8700004,0,0,False,International,1
600,4,180,64.755264,4,0,False,Priority,1
602,13,217,145.23422,38,0,False,Standard,1
604,12,38,219.38455,33,0,True,Standard,0
605,8,79,110.33385,8,0,False,Priority,0
606,4,315,90.4075,6,0,False,Express,1
607,12,108,158.20326,14,0,False,International,1
608,8,99,205.28285,14,0,True,Priority,1
609,1,811,71.72,1,0,False,International,1
611,9,358,349.41733,44,0,True,International,1
612,1,1035,16.88,2,0,True,Express,1
613,3,137,204.4554,10,0,True,Priority,1
614,1,291,31.200003,0,0,False,Standard,1
615,8,75,89.73317,12,0,False,Express,0
616,2,497,135.33,0,0,False,Express,1
618,10,19,243.01086,39,9,False,International,0
619,10,63,342.5351,24,8,True,International,0
620,9,16,164.35083,16,0,False,Standard,0
621,11,130,243.69429,9,6,True,Express,1
622,7,32,65.95742,4,0,False,Priority,0
623,7,39,52.297775,5,2,False,Priority,0
624,4,315,269.428,15,0,False,Express,1
625,4,184,82.99412,3,0,False,Standard,1
626,2,115,154.51428,4,0,False,Priority,1
627,1,780,62.519997,2,0,False,Priority,1
628,1,931,70.56,2,0,False,Standard,1
629,11,192,218.54346,32,2,True,Express,1
630,2,13,49.21,0,0,False,Standard,0
631,9,118,144.86,12,0,True,Express,1
634,4,484,92.99231,6,0,False,Express,1
635,4,16,80.0475,0,4,False,Priority,0
636,3,598,84.75077,0,0,True,Express,1
637,3,454,91.134285,3,0,False,International,1
638,1,739,153.44,0,0,False,Standard,1
640,1,527,140.4,2,0,False,Express,1
641,1,399,123.25,2,0,False,Standard,1
642,8,140,186.54683,8,0,False,International,1
643,3,76,101.56,4,0,False,International,0
644,2,612,337.42285,9,0,True,International,1
645,1,190,124.37999,0,0,True,Priority,1
646,1,943,242.31999,8,0,False,International,1
647,11,344,174.86484,15,9,True,International,1
648,2,87,217.50922,6,0,True,Priority,0
649,6,150,177.69861,18,2,False,Priority,1
650,12,70,235.83818,30,3,True,Express,0
651,1,825,52.02,0,0,False,Express,1
652,1,227,24.519999,0,0,False,International,1
653,2,761,131.36,5,0,False,International,1
654,8,219,52.091873,1,0,False,Express,1
656,6,78,175.09482,8,0,True,Standard,0
657,1,801,62.079998,2,0,False,Priority,1
658,1,193,173.70001,2,0,False,Standard,1
659,5,349,73.13613,3,0,False,International,1
660,7,53,66.77478,7,0,False,Priority,0
661,5,80,97.196365,2,0,False,Standard,0
662,1,568,86.600006,2,0,False,Standard,1
663,5,38,145.6416,0,0,False,Standard,0
664,2,222,62.204,4,0,False,Priority,1
665,2,558,67.10647,2,0,False,Express,1
666,5,131,222.396,18,4,False,Standard,1
668,1,967,128.28,0,0,False,Express,1
670,2,360,185.46286,6,2,False,Priority,1
671,5,568,176.02527,14,0,False,Express,1
672,9,56,95.77333,16,0,False,Express,0
674,7,31,62.91383,4,0,False,Standard,0
675,6,425,64.87071,4,0,False,Express,1
676,2,845,66.46273,2,0,False,Standard,1
677,2,384,67.200005,3,0,True,Express,1
678,5,342,87.527824,4,0,False,Priority,1
679,5,146,106.0673,9,0,False,Standard,1
680,7,215,105.76444,14,0,False,International,1
681,11,29,319.68134,60,12,False,Priority,0
682,1,128,24.04,0,2,False,Express,1
684,1,951,89.16,2,0,False,Priority,1
685,1,957,30.88,1,0,False,International,1
686,5,269,109.87692,6,0,True,International,1
687,3,178,21.088001,0,1,False,International,1
689,17,59,188.26878,45,0,True,International,0
690,7,142,89.80025,5,2,False,Express,1
693,6,84,230.01439,4,0,True,Priority,0
694,4,439,88.055,3,0,False,International,1
695,1,522,33.24,0,0,False,Express,1
696,1,664,71.56,0,0,False,Standard,1
697,1,316,284.63998,8,0,True,Express,1
698,7,120,179.25539,22,0,False,Express,1
699,2,280,42.93,1,0,False,Priority,1
700,5,144,244.89159,24,0,False,Standard,1
701,4,23,63.792,2,0,False,Priority,0
702,10,53,387.18668,68,0,True,International,0
703,1,941,41.92,0,0,False,International,1
706,5,216,216.76799,18,3,True,Priority,1
707,3,205,60.725452,5,0,False,Express,1
708,1,341,73.88,1,0,False,Standard,1
709,1,349,74.52,3,0,False,Priority,1
710,5,515,40.253845,2,2,False,Standard,1
711,13,216,251.78345,57,0,True,International,1
712,6,275,70.2952,6,0,True,International,1
713,1,209,55.64,0,0,False,Express,1
714,14,45,252.88776,54,6,True,Priority,0
715,1,986,93.04,2,0,False,International,1
716,1,123,76.72,1,0,False,Priority,1
718,6,93,290.70523,24,0,True,Standard,1
719,1,773,75.44,2,0,False,International,1
720,4,113,58.402798,4,0,False,Express,1
721,3,363,89.80533,2,0,False,Standard,1
722,1,807,77.520004,2,0,False,Standard,1
723,8,58,148.66888,18,0,False,Standard,0
724,5,180,160.62433,12,0,False,Standard,1
725,2,849,172.39429,4,0,True,Express,1
726,3,185,239.82,15,0,False,Priority,1
727,4,203,313.91647,21,0,True,Express,1
728,11,32,195.9248,21,0,True,Express,0
730,2,439,53.46,4,0,False,Express,1
731,4,260,131.83467,8,0,False,International,1
732,5,486,107.31167,6,0,False,Standard,1
733,2,608,139.45714,7,0,False,Standard,1
734,2,1095,143.90706,4,0,False,International,1
735,3,73,53.63,1,0,False,Express,0
736,2,425,73.86667,0,0,False,Express,1
737,3,672,245.024,20,0,True,International,1
739,2,442,158.416,4,0,False,Standard,1
741,3,72,106.76571,2,0,False,International,0
742,4,251,46.5275,1,0,False,Priority,1
743,1,384,78.08,2,0,False,International,1
744,2,380,291.84003,10,0,False,Standard,1
745,9,188,152.64865,22,0,False,Priority,1
746,5,11,63.50571,5,1,False,International,0
747,2,444,110.56,0,0,False,Standard,1
748,8,427,186.48216,30,8,False,International,1
749,19,11,331.54895,60,0,False,Express,0
750,6,22,131.71999,12,0,True,International,0
751,1,66,39.9,0,0,False,Standard,0
754,14,77,135.70172,20,0,False,International,0
755,3,592,173.46545,9,0,True,Express,1
756,1,573,36.739998,0,0,False,International,1
757,9,30,96.61878,14,2,False,International,0
758,11,50,188.89429,12,4,True,International,0
759,9,194,209.14345,36,0,True,Standard,1
760,3,263,85.725716,2,0,True,International,1
761,2,486,55.96,4,0,False,International,1
762,1,986,16.189999,0,0,False,Standard,1
763,1,645,3.78,0,0,False,Priority,1
764,5,221,182.84181,6,0,False,International,1
767,5,224,86.91085,5,0,False,International,1
768,1,431,25.52,0,0,False,Express,1
769,1,371,203.36,4,0,False,Express,1
770,1,660,26.06,0,0,False,Express,1
771,4,618,60.68,2,0,False,International,1
772,1,204,168.75,0,0,False,Priority,1
773,1,218,113.16,2,0,False,Standard,1
774,1,105,19.08,0,0,False,Express,1
775,1,747,271.44,6,0,True,Standard,1
776,6,31,198.26889,12,0,False,International,0
777,4,395,116.807274,11,0,False,International,1
778,5,503,129.93599,6,0,False,International,1
779,3,175,80.29333,2,0,False,Standard,1
780,1,790,66.44,0,0,False,Express,1
781,1,1029,69.12,0,0,False,Express,1
782,3,466,72.034004,6,6,False,Standard,1
783,1,1097,149.12,6,0,False,International,1
784,8,99,151.33385,24,0,False,International,1
786,1,373,46.84,0,3,False,Standard,1
788,1,119,179.88,4,0,False,Standard,1
789,2,505,155.99998,12,0,False,Express,1
791,5,167,120.576004,4,0,True,Express,1
793,4,546,172.732,9,0,False,International,1
794,5,25,141.4461,8,0,False,International,0
795,7,29,327.3982,15,0,True,Express,0
796,8,95,247.4075,27,0,False,International,1
797,3,102,16.253332,1,0,False,Standard,1
798,1,661,95.8,2,0,False,International,1
800,1,857,61.46,0,0,False,Priority,1
802,1,694,72.56,4,0,True,International,1
803,7,99,202.20999,14,0,True,International,1
805,1,15,140.92,0,0,False,Express,0
806,2,409,83.50667,0,0,False,Standard,1
807,5,198,219.0,12,6,True,International,1
808,3,414,99.20799,8,0,False,Priority,1
809,1,17,111.92,0,0,False,Standard,0
810,2,784,69.94,4,0,False,International,1
811,13,20,329.698,48,0,True,Standard,0
813,5,152,108.25625,5,2,False,Express,1
814,1,1018,20.18,0,0,False,Express,1
815,2,207,46.373333,2,0,False,Priority,1
816,9,129,57.212856,11,0,False,Priority,1
817,3,50,121.487686,5,0,False,Express,0
818,3,175,54.336,5,0,False,International,1
819,2,161,249.92,9,0,True,Standard,1
821,6,30,244.93893,21,0,True,International,0
822,4,163,254.06718,12,0,True,Priority,1
823,3,113,175.52667,4,2,False,Express,1
824,11,138,163.29932,20,4,False,Express,1
825,9,125,138.2758,24,0,False,Standard,1
826,5,527,117.7091,0,0,True,Express,1
827,6,63,73.914825,6,0,True,International,0
828,10,119,167.95724,16,10,False,Priority,1
830,3,282,87.38,3,2,False,Standard,1
831,2,244,87.68,0,4,False,Priority,1
832,9,66,215.2234,18,0,False,Priority,0
833,2,156,27.475714,0,0,False,Standard,1
834,3,369,195.912,8,0,True,Express,1
835,11,14,218.30292,27,0,True,International,0
836,6,66,94.65722,5,0,False,Express,0
837,2,508,50.86,0,0,False,Express,1
838,3,52,83.38052,3,0,False,Express,0
839,2,145,46.22667,0,0,False,Standard,1
840,4,41,80.34571,5,0,False,International,0
841,10,413,371.78857,51,0,True,Priority,1
842,1,182,11.29,0,0,False,Priority,1
843,1,968,109.880005,0,0,False,Priority,1
845,4,219,168.13,15,0,True,Standard,1
846,2,52,71.49334,3,0,False,Express,0
848,2,371,335.76,12,0,False,International,1
849,1,594,75.68,1,0,False,Priority,1
850,14,128,180.28001,36,6,False,Express,1
851,6,205,65.61143,3,2,False,Express,1
852,1,547,57.6,0,0,False,Priority,1
853,2,617,71.813995,0,0,False,Priority,1
854,4,219,68.66462,4,0,False,Priority,1
856,1,778,44.400005,0,0,False,Standard,1
859,1,1075,120.799995,2,0,False,Express,1
860,1,327,24.08,2,0,False,Standard,1
862,7,22,105.69429,6,0,False,Standard,0
863,2,662,146.07895,4,0,False,Priority,1
864,5,321,245.32834,15,0,True,Standard,1
865,7,144,187.25372,18,0,False,International,1
866,7,29,152.01366,14,4,False,International,0
868,1,813,273.76,4,0,False,Standard,1
873,1,1075,71.24,1,0,False,Priority,1
874,5,365,416.72,20,0,True,Priority,1
875,5,18,94.556,0,0,False,Priority,0
876,4,162,78.91,4,1,False,Express,1
877,1,828,78.52,1,0,False,Priority,1
878,11,150,242.2965,51,3,False,Standard,1
879,1,871,32.38,0,0,False,Express,1
880,4,50,151.128,4,0,True,International,0
882,4,557,174.7454,18,0,False,Priority,1
883,1,61,50.34,0,0,False,Express,0
885,1,1084,41.04,0,0,False,Standard,1
886,7,60,82.30514,10,4,False,Express,0
887,5,124,169.42,9,6,True,Priority,1
888,1,880,24.76,0,0,False,Priority,1
889,6,246,84.020004,10,4,False,Express,1
890,1,926,327.84,6,0,False,Express,1
891,3,515,149.22667,4,0,False,Priority,1
893,3,264,82.03999,4,0,True,Express,1
895,9,116,66.16886,7,0,False,Priority,1
896,4,178,77.3525,7,0,False,International,1
897,1,157,73.04,2,0,False,Priority,1
898,4,37,89.41609,3,0,False,Priority,0
899,3,86,78.12333,5,0,False,Priority,0
900,10,157,229.32582,27,3,True,Standard,1
901,1,609,64.68,0,0,False,Standard,1
903,7,53,236.32799,18,0,True,Express,0
904,13,95,272.921,45,0,True,Express,1
905,4,97,51.400913,4,0,False,Express,1
906,1,560,57.3,0,0,False,Priority,1
907,6,236,167.55774,12,0,True,Express,1
908,2,227,56.34667,3,0,False,International,1
909,4,26,52.40286,0,0,False,International,0
910,2,232,65.261765,2,0,False,Priority,1
911,1,1061,81.520004,3,0,False,Express,1
914,7,399,169.01428,14,0,False,International,1
915,2,406,58.096,5,0,False,International,1
916,10,11,194.26543,42,0,True,International,0
917,1,1003,76.22,0,4,False,Standard,1
918,2,93,70.776,2,0,False,Express,1
919,1,331,220.6,3,0,False,Standard,1
920,1,643,47.899998,0,0,False,Express,1
921,1,397,26.76,1,0,False,Express,1
922,1,793,295.84003,4,0,True,International,1
923,5,18,56.4952,3,0,False,Standard,0
924,1,270,34.78,0,0,False,International,1
925,4,463,135.405,6,9,True,Priority,1
926,2,460,72.51428,0,0,False,Express,1
928,4,70,119.2,14,0,False,International,0
930,1,199,34.72,0,0,False,Standard,1
931,9,47,47.454895,5,4,False,Priority,0
932,1,439,147.76,2,0,True,Priority,1
933,1,809,89.92,2,0,False,Express,1
934,8,109,83.70591,7,0,False,International,1
935,6,67,145.13734,8,0,False,Standard,0
936,7,233,52.780003,2,2,False,Express,1
937,2,456,77.73333,2,2,False,Standard,1
938,8,387,194.24696,14,0,False,Standard,1
940,4,399,133.91,8,6,False,Priority,1
941,6,77,210.28287,12,0,True,Express,0
942,1,141,25.12,2,0,False,Express,1
943,1,752,30.32,0,1,False,International,1
944,12,117,237.14723,27,18,True,Express,1
945,2,158,50.059998,0,0,False,International,1
946,6,46,89.40368,9,0,False,Express,0
948,3,488,43.849228,1,0,False,Express,1
949,1,479,63.9,0,0,False,Priority,1
950,3,581,50.36889,0,0,True,Express,1
951,2,705,285.98,6,0,False,Standard,1
953,7,27,83.10594,10,0,False,Express,0
954,3,389,85.69444,1,0,False,Priority,1
955,7,47,156.6811,12,4,False,Standard,0
956,6,60,124.025,8,0,True,International,0
957,1,534,48.480003,2,0,False,Express,1
958,5,42,107.39001,10,0,False,Priority,0
959,11,176,133.06805,22,0,False,Express,1
962,2,58,164.05714,4,0,False,Express,0
963,1,1094,99.299995,0,0,True,Priority,1
964,5,110,235.51,15,0,True,Standard,1
965,6,479,153.76,10,8,False,Priority,1
966,12,43,228.52249,33,0,True,Express,0
967,1,455,88.24,4,0,False,Priority,1
968,1,741,66.96,0,0,False,International,1
969,9,12,98.51182,6,0,False,Standard,0
970,5,105,84.329994,3,0,False,Priority,1
971,1,726,91.96001,2,0,False,Express,1
972,5,407,128.32668,4,0,True,Priority,1
973,4,325,116.03999,10,0,True,Priority,1
974,9,41,181.36847,8,0,True,Standard,0
975,7,50,367.56598,24,0,True,International,0
976,6,61,92.03704,10,6,False,International,0
977,4,378,144.76741,6,0,False,International,1
978,3,497,46.806667,2,0,False,Standard,1
979,3,213,177.57779,8,0,False,Express,1
980,3,356,59.78,2,2,False,Standard,1
981,12,126,116.57429,18,0,False,International,1
983,1,692,171.31999,3,0,False,Priority,1
984,3,590,160.08,3,0,False,Standard,1
985,1,402,8.440001,0,0,False,Express,1
986,3,49,30.936,5,0,False,Express,0
987,6,54,85.01634,8,0,False,Priority,0
988,4,409,76.8975,7,0,False,International,1
989,4,31,63.168335,2,0,False,Standard,0
990,8,84,286.0391,24,0,True,Standard,0
991,1,360,15.12,1,0,False,Priority,1
992,3,187,269.14093,15,0,False,Priority,1
993,2,322,30.919998,0,0,False,Express,1
994,4,285,123.52615,6,0,False,International,1
995,3,445,120.457245,5,0,False,International,1
996,3,472,133.74666,6,0,False,Express,1
997,7,32,117.832,6,0,False,Standard,0
999,8,124,172.91704,22,0,False,Standard,1
1000,1,882,77.78,0,0,False,International,1
1001,7,65,58.34,9,0,False,Standard,0
1002,2,333,111.75428,3,0,False,International,1
1003,6,113,138.12001,14,0,False,International,1
1004,7,37,166.77411,10,0,True,Priority,0
1005,1,508,21.36,0,0,False,Priority,1
1006,7,190,202.63144,14,0,True,Express,1
1008,1,96,73.34,0,0,False,Standard,1
1009,7,166,129.32297,8,4,True,Standard,1
1010,10,64,151.83876,22,4,False,International,0
1011,2,530,236.29332,0,0,False,International,1
1012,1,790,21.28,1,0,False,Priority,1
1013,8,110,79.73391,9,0,False,Express,1
1015,11,337,115.61878,18,4,True,International,1
1016,1,540,114.46,0,0,False,Standard,1
1017,4,25,50.494442,1,0,False,Priority,0
1019,1,338,90.56,0,0,False,Standard,1
1020,2,50,66.65,1,0,False,International,0
1022,2,42,139.20001,5,0,False,Standard,0
1023,2,107,56.61588,2,0,False,Standard,1
1024,3,366,96.04154,5,0,False,Priority,1
1025,5,203,69.23037,3,0,False,Standard,1
1026,3,353,88.10667,6,0,False,Standard,1
1027,11,38,144.4645,28,0,False,Express,0
1028,7,372,203.51306,20,4,False,Priority,1
1029,1,831,58.48,0,0,False,Priority,1
1030,1,878,55.16,0,0,False,International,1
1031,6,156,96.524,14,0,False,Standard,1
1032,11,130,276.22,21,6,True,Priority,1
1033,2,147,162.10222,8,0,True,Priority,1
1034,4,112,48.82222,0,0,False,Express,1
1035,1,887,156.24,0,0,False,Standard,1
1036,7,54,74.09659,6,4,False,International,0
1037,7,16,96.51384,0,0,False,Priority,0
1038,3,52,248.26666,12,0,False,Priority,0
1039,1,461,29.189997,0,0,False,Express,1
1043,7,116,217.995,6,0,True,Standard,1
1044,3,76,27.894999,3,0,False,Standard,0
1045,3,333,89.340004,6,0,False,Standard,1
1046,5,59,116.547005,3,9,True,Standard,0
1047,11,57,135.33322,20,0,False,Standard,0
1048,1,829,19.48,0,0,False,Standard,1
1049,7,24,111.20842,12,0,True,International,0
1050,4,14,96.07333,0,0,False,Standard,0
1051,4,37,18.409334,1,1,False,Express,0
1052,1,382,82.020004,0,0,True,Express,1
1053,7,64,134.51111,8,0,False,Express,0
1054,4,304,464.955,24,0,False,Priority,1
1055,5,308,88.98334,6,0,False,International,1
1056,2,46,430.224,15,0,False,International,0
1058,1,192,345.72,9,0,True,Standard,1
1059,1,105,149.0,2,0,False,International,1
1060,3,257,93.67818,8,0,True,Express,1
1061,2,552,139.99461,3,0,False,Priority,1
1062,3,199,40.21818,1,0,False,International,1
1063,2,690,245.70222,8,0,True,Priority,1
1064,5,392,144.71466,8,0,True,International,1
1065,1,795,89.44,0,0,False,Express,1
1066,5,435,72.92667,7,2,False,Standard,1
1067,6,28,129.435,10,0,True,Express,0
1068,9,56,207.42401,20,0,True,International,0
1069,11,20,163.14801,21,0,True,Express,0
1070,3,331,150.36,12,0,True,Standard,1
1071,6,22,253.23137,28,0,True,Priority,0
1073,2,957,107.457146,0,0,False,International,1
1074,1,87,48.44,1,0,False,Priority,0
1076,3,155,215.70798,6,2,False,Express,1
1077,4,367,110.020004,4,2,False,Standard,1
1080,7,17,276.93872,33,0,True,International,0
1081,7,361,103.36637,6,0,False,International,1
1083,7,20,33.22286,1,0,False,International,0
1084,11,145,177.66245,12,0,True,Priority,1
1085,6,88,83.68532,8,0,False,Express,0
1086,5,210,115.78118,8,0,False,Standard,1
1087,8,50,122.98069,26,0,False,International,0
1088,1,1079,68.88,4,0,True,International,1
1089,10,104,137.41081,24,0,False,Priority,1
1091,5,125,59.573635,2,2,False,Express,1
1093,2,124,245.0,4,0,True,Express,1
1094,1,775,87.19999,0,0,False,International,1
1096,8,74,176.41034,20,0,False,Express,0
1097,5,66,52.624847,5,2,False,International,0
1099,4,405,83.41392,3,0,False,Express,1
1100,13,20,152.7238,32,6,True,Express,0
1101,1,729,229.5,0,0,True,Standard,1
1102,7,104,117.68667,18,0,True,Express,1
1103,15,19,200.79726,36,0,True,Priority,0
1104,5,95,154.13571,9,6,True,International,1
1106,1,931,81.32,2,0,False,International,1
1107,4,431,291.3686,18,3,True,Standard,1
1108,1,697,56.159992,0,0,False,International,1
1109,9,230,225.32715,36,0,True,Standard,1
1110,3,129,210.63,6,6,False,Priority,1
1111,8,22,130.25714,26,0,True,Express,0
1112,1,388,4.16,2,0,False,Express,1
1113,10,39,259.99707,36,0,True,Priority,0
1114,5,388,84.96,6,0,False,Standard,1
1115,1,749,35.92,0,0,False,Priority,1
1116,7,77,84.99686,4,0,False,Express,0
1118,1,996,76.880005,2,0,False,Express,1
1119,1,888,43.68,0,0,False,Standard,1
1120,1,472,150.3,0,0,True,International,1
1122,5,115,128.23225,12,0,False,Express,1
1123,13,49,237.71,54,6,True,International,0
1124,1,661,88.8,2,0,False,International,1
1126,1,390,175.52,4,0,False,Express,1
1127,8,77,79.30482,8,0,False,International,0
1128,9,135,240.324,30,0,False,Standard,1
1129,1,720,44.48,0,0,False,Express,1
1130,1,1053,103.96,3,0,False,International,1
1131,3,40,48.352,2,0,True,Priority,0
1133,10,23,119.50873,18,0,True,Priority,0
1134,1,17,51.3,0,0,False,Standard,0
1135,3,284,74.08,7,0,False,Standard,1
1136,6,266,466.88614,39,0,False,International,1
1137,1,834,28.76,0,0,False,Express,1
1138,4,472,62.18809,3,0,False,Standard,1
1139,4,97,147.5382,11,0,False,Priority,1
1140,6,100,197.59332,16,2,True,Express,1
1141,1,41,88.71,0,0,False,Standard,0
1142,1,520,48.74,0,0,False,Express,1
1143,4,135,254.83157,18,0,True,Priority,1
1144,1,616,55.590008,0,0,False,Standard,1
1145,7,66,165.74106,12,0,False,Express,0
1147,3,230,60.621822,0,0,True,Priority,1
1148,2,388,54.711998,2,0,False,International,1
1149,14,79,122.80056,18,6,False,Express,0
1150,2,572,316.416,15,0,True,Express,1
1151,1,390,110.479996,2,0,False,International,1
1152,3,158,236.0711,12,0,False,Standard,1
1154,7,162,245.72437,12,4,False,Express,1
1155,1,357,62.319996,0,0,False,Express,1
1156,3,106,23.688,0,2,True,Express,1
1157,1,316,24.92,0,0,False,Priority,1
1158,5,224,226.8758,16,0,False,Standard,1
1159,1,609,25.880001,0,0,False,Priority,1
1160,9,39,147.35428,20,0,False,Standard,0
1161,5,243,94.046005,0,0,False,Express,1
1162,7,185,94.341545,10,0,False,Express,1
1163,7,30,75.129524,9,0,False,Express,0
1164,7,26,98.11579,5,2,False,International,0
1166,6,192,143.53523,14,0,False,Priority,1
1167,3,377,407.55835,21,0,False,Express,1
1168,5,438,119.78,10,2,False,Priority,1
1169,3,186,170.176,6,0,True,International,1
1173,3,400,101.3775,3,0,True,Express,1
1174,7,441,78.715294,4,3,False,Standard,1
1175,1,451,109.92,2,0,False,Express,1
1176,6,493,78.55111,9,0,False,Priority,1
1177,6,164,153.896,10,0,False,Standard,1
1179,10,69,157.71843,4,14,False,Standard,0
1180,13,120,258.58408,39,6,True,International,1
1181,6,41,130.91034,8,0,True,Priority,0
1182,14,35,204.42,28,0,False,Priority,0
1183,6,66,196.66667,21,0,True,Standard,0
1184,11,15,256.88998,39,3,True,Express,0
1185,5,39,114.52378,6,2,False,Priority,0
1186,2,96,10.656,0,0,False,International,1
1190,2,80,78.042854,2,0,False,Standard,0
1191,9,18,92.564865,6,0,False,Express,0
1192,6,44,204.37,9,3,True,Priority,0
1195,5,22,141.81166,18,0,True,International,0
1196,1,40,68.94,0,0,False,Express,0
1197,9,202,185.0671,24,0,False,International,1
1198,1,1052,71.71999,0,0,False,Express,1
1199,1,833,142.88,2,0,False,International,1
1200,5,14,161.3543,10,0,False,Priority,0
1201,1,1023,53.900005,0,0,False,International,1
1202,8,30,95.33238,12,0,False,International,0
1203,3,460,179.7516,6,2,False,Priority,1
1204,4,581,246.06999,9,0,True,International,1
1208,11,72,190.379,26,0,False,International,0
1209,1,383,111.92,0,0,False,International,1
1210,9,203,97.22929,7,4,False,Express,1
1211,10,167,147.50627,24,0,True,Standard,1
1212,1,494,303.84,6,0,False,Express,1
1213,1,435,6.76,0,0,False,Priority,1
1214,6,48,127.735,4,0,False,International,0
1215,2,312,5.865,0,0,False,International,1
1216,5,373,188.12952,14,0,False,International,1
1217,2,122,166.30153,6,0,True,International,1
1218,3,266,256.63272,6,0,True,Priority,1
1219,3,437,125.976,4,0,True,International,1
1220,3,546,70.368004,6,0,False,Standard,1
1221,4,53,182.01144,12,0,False,Standard,0
1223,3,281,62.707333,2,0,False,International,1
1225,1,861,70.84,1,0,False,Priority,1
1226,4,165,55.412724,4,0,False,Express,1
1229,1,183,49.16,0,0,True,Standard,1
1230,5,407,73.2025,2,2,False,Priority,1
1231,4,182,106.21333,8,0,False,Priority,1
1232,6,139,179.82292,6,4,False,Priority,1
1233,5,15,93.773605,4,0,False,International,0
1234,11,21,308.483,26,4,True,International,0
1235,7,78,158.28,10,0,False,Priority,0
1236,2,172,70.448,2,0,False,International,1
1237,1,168,17.76,0,0,False,International,1
1239,11,57,115.94518,16,2,False,Standard,0
1240,2,466,75.776,2,0,True,International,1
1242,6,250,98.613335,10,0,False,Express,1
1243,1,378,18.6,2,0,False,Standard,1
1244,7,61,109.9288,10,2,False,International,0
1245,4,85,177.156,21,0,True,Express,0
1246,7,240,172.01439,16,0,True,Standard,1
1247,11,23,94.42,18,4,True,Express,0
1248,1,88,50.13,0,0,False,Standard,0
1250,9,91,173.52144,10,0,True,Priority,1
1251,3,356,192.03429,6,0,False,Standard,1
1252,1,669,59.0,0,0,False,International,1
1253,13,115,257.71066,44,4,True,Standard,1
1254,4,49,130.27333,0,0,True,Express,0
1255,2,150,29.06,0,0,False,Express,1
1256,1,744,291.36,0,0,True,Express,1
1257,5,358,117.89333,10,0,True,Standard,1
1258,1,78,43.22,0,0,False,Express,0
1259,7,49,114.16291,6,0,False,Express,0
1260,9,64,171.70412,28,4,True,Standard,0
1261,1,328,16.68,0,0,False,Express,1
1262,2,102,103.57143,4,0,True,International,1
1263,4,388,237.9725,14,0,False,Standard,1
1264,5,70,462.09506,30,0,True,Standard,0
1265,5,661,62.2775,6,0,False,Priority,1
1266,1,248,23.18,0,0,False,Standard,1
1267,8,310,127.334625,14,0,False,International,1
1268,1,438,133.0,2,0,False,International,1
1269,2,471,69.44,2,0,False,Express,1
1270,1,135,53.49,0,0,False,Express,1
1271,3,21,79.06684,2,0,False,Priority,0
1272,3,217,182.01332,12,0,False,Priority,1
1273,1,405,162.8,0,8,False,Standard,1
1274,3,651,89.65334,4,0,False,Priority,1
1275,13,12,160.42517,30,0,False,Express,0
1276,10,71,231.5191,30,0,False,International,0
1277,5,472,82.18914,6,0,False,Priority,1
1278,4,168,94.38117,7,0,False,International,1
1280,3,470,25.24,1,0,False,Priority,1
1281,9,70,167.37138,24,0,True,Express,0
1282,23,13,335.0009,84,0,True,Priority,0
1283,3,135,78.192,2,0,False,Priority,1
1284,4,609,85.49334,4,2,False,Express,1
1285,2,167,45.257145,2,0,False,Priority,1
1286,3,213,37.76267,2,0,False,Standard,1
1289,4,127,225.78183,12,0,True,Express,1
1290,1,112,121.64,2,0,False,International,1
1291,4,322,300.1184,8,0,False,Standard,1
1292,10,73,280.9941,40,0,True,International,0
1293,3,24,78.386665,5,0,False,International,0
1294,3,163,82.789474,0,1,False,Express,1
1295,1,857,24.4,2,0,False,Standard,1
1296,5,84,279.99335,24,0,True,Priority,0
1298,9,11,161.61667,12,9,True,International,0
1300,2,193,73.340004,2,0,False,Standard,1
1301,1,306,2.8,2,0,False,Express,1
1302,4,143,51.273003,6,0,False,Standard,1
1303,7,37,62.930603,5,0,False,International,0
1304,4,773,61.41647,8,0,False,Priority,1
1305,3,117,196.70857,14,0,False,Standard,1
1306,6,167,125.47693,12,8,True,Priority,1
1307,2,659,35.888332,1,0,False,Priority,1
1308,1,488,117.92,2,0,False,Express,1
1309,8,29,203.03368,22,0,False,Standard,0
1310,6,28,144.13715,4,0,True,Priority,0
1311,1,188,24.88,0,0,False,Priority,1
1312,8,132,91.381996,12,4,False,Standard,1
1313,10,155,117.27526,22,0,True,Standard,1
1314,17,171,259.36304,39,0,True,Standard,1
1316,2,368,63.964,1,0,False,Priority,1
1317,4,78,242.7247,24,0,True,Priority,0
1318,1,575,31.07,0,0,False,Priority,1
1319,1,947,42.24,1,0,False,Express,1
1320,1,781,57.400005,0,0,False,Priority,1
1321,4,142,291.08307,26,0,True,Priority,1
1322,8,14,357.12,36,0,True,Express,0
1324,11,111,246.82242,54,0,True,Priority,1
1325,1,1047,120.22,0,0,False,International,1
1326,7,99,220.95161,12,9,False,International,1
1327,8,134,187.43375,26,0,True,International,1
1328,2,728,102.659996,4,0,False,Priority,1
1329,7,69,81.13703,6,0,False,Standard,0
1330,2,103,38.426666,2,0,False,Standard,1
1331,5,106,101.23529,5,2,False,Express,1
1332,1,246,89.2,0,0,False,International,1
1333,1,614,169.68,0,0,True,Priority,1
1334,4,318,97.399994,8,0,False,International,1
1335,4,144,139.38864,10,0,False,Standard,1
1336,2,110,77.69333,3,0,False,Standard,1
1338,1,963,103.36,4,0,False,Standard,1
1339,1,559,206.8,4,0,False,International,1
1340,3,922,47.234283,3,0,False,Express,1
1341,8,58,111.08837,10,4,False,Priority,0
1342,7,44,58.825,8,0,False,Standard,0
1343,3,292,67.382225,3,0,False,Standard,1
1344,8,132,131.24548,18,0,False,Express,1
1345,9,149,96.48,6,0,False,Express,1
1346,3,501,104.45111,3,0,False,International,1
1347,1,925,10.78,0,0,False,Priority,1
1348,6,465,243.5891,30,0,True,Priority,1
1350,3,80,79.17714,6,0,False,Priority,0
1351,7,128,76.916245,7,2,False,Standard,1
1352,2,834,90.96001,2,0,False,Express,1
1353,1,432,66.0,0,0,False,Priority,1
1354,1,55,131.68001,3,0,False,International,0
1355,5,71,208.1619,4,12,True,Express,0
1356,4,17,69.1,0,0,False,International,0
1358,1,325,23.54,0,0,False,Express,1
1359,5,128,229.30292,12,0,False,Priority,1
1360,5,277,69.338234,6,0,False,Standard,1
1361,10,41,194.776,27,9,True,Standard,0
1363,5,175,104.045334,8,0,False,Standard,1
1364,1,51,51.920002,2,0,False,Standard,0
1365,7,547,125.87556,10,8,False,International,1
1366,4,376,139.92308,8,0,False,International,1
1368,2,619,200.08,8,0,False,Express,1
1369,8,81,136.0023,14,6,False,Standard,0
1370,1,220,17.54,0,0,False,International,1
1371,1,1041,116.4,3,0,False,Express,1
1372,1,19,150.08,6,0,True,Express,0
1373,4,176,341.41333,24,0,True,Standard,1
1375,2,96,36.760002,1,0,False,Express,1
1376,7,117,203.7024,30,0,False,International,1
1377,5,575,90.577896,9,0,False,Express,1
1379,1,126,43.8,1,0,False,Priority,1
1380,1,854,52.099995,0,0,False,Priority,1
1381,1,530,16.76,0,0,False,International,1
1382,2,51,162.28572,4,0,False,Priority,0
1383,1,257,261.12,6,0,False,Express,1
1384,7,118,123.28,8,8,False,International,1
1385,4,659,184.57866,12,0,False,Priority,1
1386,4,240,38.188572,0,0,False,Express,1
1391,2,177,167.98,6,4,False,Express,1
1392,4,120,111.493324,10,0,False,Priority,1
1393,1,462,83.76,0,0,True,Priority,1
1394,7,23,73.76162,6,2,False,Priority,0
1395,1,1099,2.3,0,0,False,Express,1
1396,7,381,298.771,0,0,True,Priority,1
1397,9,106,28.451563,2,0,False,Express,1
1398,4,376,327.82434,12,0,False,International,1
1400,8,135,53.26,6,0,False,Priority,1
1401,14,61,189.18573,45,0,True,International,0
1402,1,1052,4.38,0,0,False,Standard,1
1403,9,429,117.90488,8,0,False,Express,1
1404,6,60,340.3523,21,0,True,Express,0
1405,7,211,75.87849,5,0,False,Standard,1
1406,4,159,154.544,8,0,False,Express,1
1407,2,295,168.57143,0,0,False,Express,1
1408,1,526,13.54,0,0,False,Standard,1
1409,5,152,92.208,8,0,False,Priority,1
1410,2,178,87.608574,2,0,False,Standard,1
1411,1,843,345.20004,6,0,False,Standard,1
1412,3,79,157.664,10,0,False,International,0
1413,1,680,108.96,0,0,True,International,1
1415,5,102,118.29777,6,0,False,Standard,1
1416,1,946,30.200003,0,0,False,Express,1
1418,1,143,31.76,0,0,False,Express,1
1419,4,103,166.31078,6,0,True,International,1
1420,3,188,129.30182,4,0,False,Express,1
1421,7,298,134.3177,11,0,False,International,1
1423,4,252,95.26923,12,0,False,Priority,1
1424,1,359,85.2,2,0,False,International,1
1425,9,153,70.03445,5,0,False,Priority,1
1427,1,465,16.58,0,0,False,Express,1
1428,6,138,132.93176,8,6,False,Express,1
1429,2,245,330.784,8,0,False,Priority,1
1430,1,443,36.34,0,1,False,International,1
1432,4,256,29.683334,2,0,False,Express,1
1433,4,589,61.433334,8,0,False,Express,1
1434,2,490,26.21,0,0,False,International,1
1436,1,1039,3.28,1,0,False,Priority,1
1437,1,1003,54.74,0,3,False,Standard,1
1441,10,89,304.79282,30,0,True,Standard,0
1442,8,193,65.39764,8,0,False,Priority,1
1443,4,23,107.920006,12,0,False,Express,0
1444,4,289,188.0,14,0,False,International,1
1445,8,19,102.03588,6,0,False,Priority,0
1446,1,619,45.12,0,0,False,International,1
1448,5,119,161.90222,18,0,False,International,1
1449,5,130,172.52,10,0,False,Standard,1
1450,3,637,114.62667,6,0,False,Express,1
1451,8,18,134.13904,6,6,False,Priority,0
1452,7,175,207.09683,18,4,False,International,1
1453,3,310,37.739998,0,0,False,Standard,1
1454,5,56,173.624,0,8,True,International,0
1456,9,33,89.871765,4,4,False,International,0
1457,1,165,17.84,0,0,False,International,1
1460,1,705,92.6,0,0,False,Express,1
1462,1,790,391.36002,6,0,False,International,1
1463,12,184,275.30026,36,6,False,International,1
1465,1,682,92.799995,0,0,False,Standard,1
1466,5,324,89.22182,6,0,False,Express,1
1469,2,318,93.21334,3,0,False,International,1
1470,1,188,81.68,2,0,False,Priority,1
1471,3,509,243.2889,18,0,False,Priority,1
1472,2,213,30.56,1,0,False,International,1
1474,15,59,402.07864,76,0,False,International,0
1475,20,64,375.9606,92,8,True,Priority,0
1476,3,536,97.15111,2,0,False,Standard,1
1477,2,199,116.73,0,0,False,Standard,1
1478,1,749,107.30001,0,0,False,Standard,1
1479,4,243,166.82533,10,0,False,Standard,1
1480,5,57,82.88571,5,0,False,Priority,0
1481,5,251,104.35264,6,0,False,Standard,1
1483,6,74,155.01889,4,4,False,Express,0
1484,1,520,110.439995,3,0,False,Standard,1
1485,4,403,51.316315,0,2,False,International,1
1487,1,950,33.5,0,0,False,Priority,1
1488,1,426,173.0,3,0,False,Standard,1
1489,8,44,145.69527,14,4,False,Standard,0
1490,1,726,9.15,0,0,False,Standard,1
1491,3,160,80.22666,6,0,False,Priority,1
1492,4,193,92.118454,4,0,False,International,1
1493,5,181,137.24889,6,0,False,Standard,1
1494,1,819,34.96,0,0,False,Standard,1
1496,1,657,15.25,0,0,False,Priority,1
1497,1,992,7.5200005,0,0,False,Standard,1
1498,1,951,110.0,2,0,False,Priority,1
1499,7,57,72.62933,8,0,False,Priority,0
1500,4,140,239.552,15,0,True,Express,1
1503,2,678,59.002003,0,0,False,Standard,1
1504,1,1028,47.08,1,0,False,Standard,1
1505,1,1038,6.76,0,0,False,Priority,1
1506,4,170,114.61819,0,0,True,Standard,1
1507,1,1067,92.32,2,0,False,International,1
1508,4,207,63.95846,5,0,False,International,1
1509,3,668,192.00888,4,0,True,Express,1
1510,12,63,113.51377,20,0,False,International,0
1511,1,1031,331.59998,6,0,False,Express,1
1512,6,75,99.222855,6,4,False,International,0
1513,9,163,149.73845,34,0,False,Standard,1
1514,5,28,49.09714,3,0,False,Express,0
1515,7,78,138.17,18,0,False,International,0
1516,4,17,149.08,4,0,False,Standard,0
1517,5,342,73.23211,7,2,False,Standard,1
1518,1,159,102.08,2,0,False,Express,1
1519,1,107,316.8,6,0,False,Standard,1
1520,1,997,11.27,0,0,False,International,1
1521,7,161,90.3125,6,4,False,Priority,1
1522,1,139,23.439999,0,0,False,Priority,1
1523,1,753,18.92,0,0,False,Express,1
1524,1,148,91.98,0,0,True,Priority,1
1526,3,198,79.692,4,0,False,Priority,1
1527,5,44,126.27217,4,0,False,Standard,0
1528,3,103,194.83275,8,0,False,Express,1
1529,1,541,11.81,0,0,False,Priority,1
1530,13,18,317.86935,56,0,True,Priority,0
1531,4,131,82.13779,6,0,False,Express,1
1532,6,195,207.54948,14,0,False,International,1
1533,10,48,255.86761,24,0,True,Priority,0
1534,1,907,61.98,0,3,False,Standard,1
1535,3,209,171.79428,8,0,True,Express,1
1536,4,49,132.32,0,10,False,Priority,0
1537,1,871,97.24,2,0,False,Priority,1
1538,4,279,141.57538,8,0,False,Priority,1
1540,8,50,121.64001,14,0,False,Priority,0
1541,7,240,175.39125,9,0,False,Standard,1
1544,7,201,102.09555,6,0,False,Express,1
1545,3,403,140.01859,3,0,False,Express,1
1546,1,347,1.32,0,0,False,International,1
1547,7,83,264.64142,15,0,True,International,0
1548,4,196,102.704,6,0,True,International,1
1549,4,82,84.396,10,0,False,International,0
1550,9,151,296.03485,45,0,True,Priority,1
1551,2,146,95.54667,4,0,False,Express,1
1552,6,231,128.99646,12,0,False,Priority,1
1553,5,155,94.948006,0,0,False,Express,1
1554,8,37,139.29999,8,0,False,Standard,0
1556,3,145,193.56001,6,6,False,Standard,1
1557,10,41,256.84286,20,0,True,Standard,0
1558,2,59,97.5943,0,0,True,International,0
1559,1,92,82.04,2,0,False,Priority,1
1560,7,125,124.36544,13,0,False,Priority,1
1561,1,154,126.12,3,0,False,Express,1
1562,2,325,176.3143,0,0,False,Priority,1
1563,8,23,101.95143,8,0,False,Priority,0
1564,6,258,166.55157,16,0,True,Express,1
1565,7,16,42.78579,1,0,False,International,0
1566,2,241,38.02667,1,0,False,International,1
1567,7,183,147.65881,10,0,True,Priority,1
1568,4,92,46.163998,1,0,False,Express,1
1569,1,637,65.92,0,0,False,International,1
1570,8,110,285.11368,20,4,True,International,1
1571,2,166,61.12,0,0,False,Express,1
1572,1,573,45.5,0,2,False,Standard,1
1573,2,486,99.4,4,0,False,Express,1
1574,2,130,98.44668,2,0,False,Express,1
1577,5,25,79.21765,7,0,False,International,0
1578,2,157,73.875,3,0,False,Standard,1
1580,7,66,135.79372,6,0,True,Priority,0
1581,7,15,251.56,20,0,True,Standard,0
1582,7,191,75.09545,6,0,False,Standard,1
1584,10,124,238.52751,32,0,True,Express,1
1585,1,1080,25.08,2,0,False,Express,1
1586,7,327,101.48909,12,0,False,International,1
1587,5,12,40.883793,6,0,False,International,0
1588,2,286,26.357998,0,0,False,Express,1
1589,3,334,36.923077,2,0,False,International,1
1591,4,293,87.61714,5,0,False,Priority,1
1593,10,120,150.15932,16,10,False,Express,1
1594,1,991,28.6,1,0,False,International,1
1595,1,840,5.56,0,0,False,Priority,1
1596,5,115,50.935715,0,0,False,Standard,1
1597,6,74,221.81,18,0,False,Priority,0
1598,6,181,171.13412,14,0,False,Standard,1
1599,4,90,73.03693,4,0,False,International,0
1600,6,89,103.762726,5,0,False,International,0
1601,5,25,109.40909,4,0,False,International,0
1603,3,456,88.613335,6,0,False,International,1
1604,5,81,88.06923,5,0,False,Priority,0
1605,7,250,55.296474,3,1,False,Standard,1
1606,1,69,53.88,2,0,False,Standard,0
1607,2,423,167.26588,4,0,False,Standard,1
1608,2,549,56.056,2,0,True,Priority,1
1609,1,911,73.32,2,0,False,Express,1
1610,1,52,30.24,0,0,False,Express,0
1611,2,938,115.616005,5,0,False,International,1
1612,3,47,129.12,4,2,False,Express,0
1613,13,24,215.99721,51,0,True,Priority,0
1615,3,651,61.89778,0,0,True,International,1
1617,2,211,103.744,0,0,False,Express,1
1619,3,356,224.98572,4,0,False,International,1
1620,1,643,266.28,6,0,True,Express,1
1621,4,118,191.73654,8,0,True,Priority,1
1622,6,118,66.050476,2,0,False,Priority,1
1623,11,42,241.67314,30,0,True,International,0
1624,4,66,144.95999,14,0,False,Priority,0
1625,11,106,233.97354,39,0,True,Priority,1
1626,15,106,202.25162,42,0,True,Priority,1
1627,2,534,76.21715,3,0,False,Standard,1
1628,10,18,370.34183,52,0,True,International,0
1630,4,436,326.36,24,0,False,International,1
1631,1,847,96.64,0,0,False,International,1
1632,13,32,266.0957,48,24,False,Express,0
1633,9,56,194.02348,8,0,False,Standard,0
1634,4,108,51.286667,2,0,False,Standard,1
1635,3,467,51.013336,0,2,False,Express,1
1636,3,76,68.085,1,0,False,International,0
1637,9,75,154.04546,14,0,False,International,0
1638,2,160,199.50667,4,0,False,Priority,1
1639,6,69,233.35779,15,0,True,Priority,0
1640,6,117,69.03999,3,0,False,Priority,1
1642,7,161,77.75143,6,0,False,Standard,1
1643,2,913,133.72,2,0,False,Priority,1
1644,2,1055,186.51,6,0,True,Standard,1
1646,4,205,63.095562,2,2,False,International,1
1647,5,455,102.343636,4,0,False,Express,1
1648,7,60,211.69812,27,0,True,Priority,0
1649,2,708,315.9867,14,0,False,International,1
1650,14,79,186.181,32,0,False,Priority,0
1651,3,251,90.52154,0,0,False,International,1
1652,4,309,58.386665,1,3,False,International,1
1653,5,35,63.96154,2,1,False,International,0
1654,20,65,235.42819,63,6,True,Express,0
1656,2,160,218.66,6,0,True,Express,1
1657,3,217,156.02286,6,0,False,Priority,1
1658,5,234,254.53998,10,6,False,Standard,1
1659,3,438,250.54181,10,0,True,Express,1
1660,3,119,86.00411,1,0,False,International,1
1661,9,150,162.77469,18,0,True,Express,1
1662,12,96,334.33655,42,0,False,Express,1
1663,8,42,63.18549,6,0,False,International,0
1664,5,266,144.46875,4,0,True,Express,1
1666,2,349,265.5263,8,0,False,International,1
1668,7,184,210.43668,14,4,False,Express,1
1669,4,369,68.75143,2,0,False,Express,1
1670,2,245,127.104004,3,0,False,Priority,1
1671,5,107,215.37334,10,4,False,Standard,1
1672,6,126,119.70799,10,0,False,Express,1
1674,2,428,78.21334,3,0,False,Priority,1
1678,10,37,189.92984,22,0,False,Standard,0
1679,1,909,82.16,2,0,False,Standard,1
1680,1,706,78.06,0,0,False,Express,1
1681,3,518,92.892105,4,0,False,International,1
1682,1,674,161.6,3,0,False,Priority,1
1683,11,239,153.8819,20,0,False,Standard,1
1684,3,35,100.526665,0,0,False,International,0
1685,1,1054,73.4,2,0,False,Express,1
1686,3,59,86.09384,0,0,False,International,0
1687,5,18,181.052,12,0,True,Priority,0
1689,1,640,81.96,0,0,False,Express,1
1691,8,57,133.47116,10,0,True,Express,0
1692,4,115,140.90736,16,0,False,Standard,1
1693,2,541,46.146667,2,0,False,Express,1
1694,4,143,98.40445,7,0,False,Express,1
1695,7,159,86.30182,8,0,False,Express,1
1696,2,789,128.7557,3,0,True,Priority,1
1697,1,116,13.280001,0,0,False,Express,1
1698,2,602,190.69144,4,0,False,Standard,1
1701,13,51,225.08696,39,12,True,International,0
1702,1,511,196.64,4,0,True,Express,1
1704,2,386,372.7311,8,0,False,Standard,1
1705,6,139,134.1058,6,0,False,Standard,1
1706,9,41,241.42313,20,0,False,International,0
1707,5,69,209.6975,10,6,False,Express,0
1708,5,645,137.81818,6,0,False,Express,1
1709,10,23,182.01285,15,0,True,Express,0
1710,15,32,134.02167,32,0,False,Standard,0
1712,4,82,110.901855,4,1,False,Priority,0
1713,9,104,110.95511,8,4,True,Standard,1
1714,15,141,130.83151,12,0,False,Standard,1
1715,7,195,166.9168,18,0,True,International,1
1716,7,130,196.77121,18,0,False,Priority,1
1717,1,744,19.54,0,0,False,Priority,1
1718,6,39,88.68783,4,2,True,Priority,0
1719,4,124,87.00286,10,0,True,Standard,1
1720,2,299,40.260002,4,0,False,Express,1
1722,11,192,131.252,22,2,False,Standard,1
1723,7,289,77.414734,5,4,False,Express,1
1724,4,84,76.05385,3,0,False,Express,0
1725,11,38,246.21568,33,0,True,Priority,0
1726,2,229,34.24667,1,0,False,International,1
1727,1,886,157.23999,0,0,False,Priority,1
1728,15,70,302.7739,64,0,True,Standard,0
1729,1,967,56.08,0,0,False,Express,1
1730,3,17,131.24,2,0,False,Priority,0
1731,6,15,243.04077,14,0,False,International,0
1732,7,93,96.69581,8,0,False,Express,1
1733,1,900,1.78,0,0,False,International,1
1734,1,290,35.44,1,0,False,Standard,1
1735,1,577,41.98,0,0,False,International,1
1736,8,57,139.36699,16,0,False,Standard,0
1737,5,268,94.426315,7,0,False,Express,1
1738,1,841,33.92,0,0,False,Priority,1
1739,10,131,187.32886,24,4,False,Express,1
1740,1,728,153.1,4,0,False,Priority,1
1741,2,625,97.380005,4,0,False,International,1
1742,4,132,105.962,3,0,False,Priority,1
1743,1,407,68.32,1,0,False,Express,1
1745,11,54,205.60187,21,0,True,International,0
1746,3,52,103.313324,4,0,False,Priority,0
1747,5,313,141.20262,4,0,True,Priority,1
1748,10,32,231.84763,27,0,True,Standard,0
1749,2,56,94.060005,4,0,False,International,0
1750,1,745,102.76,0,0,False,Priority,1
1751,10,34,77.615456,10,0,False,International,0
1752,6,53,93.76364,8,0,False,International,0
1753,4,631,73.34599,2,0,False,Priority,1
1754,8,161,235.73608,21,0,True,International,1
1755,1,104,33.58,0,0,False,Express,1
1756,10,71,409.82324,32,4,True,International,0
1757,5,98,81.90714,3,0,False,Express,1
1759,3,362,83.184006,2,0,True,Priority,1
1762,2,456,354.648,8,0,False,International,1
1763,9,312,152.86226,20,0,False,Express,1
1764,4,225,329.09024,16,0,False,Express,1
1765,8,19,159.7539,24,18,False,International,0
1767,1,276,69.48,0,0,False,Express,1
1768,7,103,69.40096,3,0,False,International,1
1769,2,780,71.886665,2,0,False,Standard,1
1770,1,1014,33.68,0,0,False,Standard,1
1771,2,163,216.12001,8,0,False,Express,1
1775,6,56,41.493603,4,0,False,Express,0
1776,3,87,131.57501,2,0,False,Express,0
1777,5,91,188.72,12,0,False,Priority,1
1778,12,54,286.96896,28,0,True,International,0
1779,1,84,18.16,0,0,False,Priority,0
1780,3,255,215.4891,10,0,False,Express,1
1781,1,170,246.8,4,0,False,Priority,1
1782,5,849,134.9289,16,0,False,International,1
1783,5,61,91.998825,2,0,False,Priority,0
1784,8,552,422.68384,52,0,True,International,1
1785,6,139,123.87556,8,0,False,International,1
1786,9,324,156.56929,10,0,False,International,1
1788,1,1075,60.4,2,0,False,Express,1
1789,6,18,151.155,9,3,True,Express,0
1791,9,204,144.06857,24,0,False,Standard,1
1792,24,43,252.11818,66,15,True,Standard,0
1793,5,223,137.54857,6,10,False,Express,1
1794,6,147,75.976845,4,3,False,International,1
1795,1,106,18.240002,2,0,False,International,1
1797,7,116,128.04068,11,0,False,Express,1
1798,1,42,115.04,0,0,False,Standard,0
1799,13,58,298.73788,27,6,False,International,0
1801,2,504,26.179998,0,0,False,Express,1
1802,7,18,203.8056,27,0,True,Priority,0
1803,4,469,256.25854,0,0,True,International,1
1804,1,1053,37.16,0,0,False,Standard,1
1805,7,59,94.70436,7,0,False,International,0
1806,4,164,421.2252,21,0,False,Express,1
1807,9,218,199.94824,21,0,False,Express,1
1809,9,373,221.13637,16,0,True,International,1
1810,16,19,251.86534,24,0,True,Standard,0
1811,2,66,77.6,2,0,False,International,0
1812,1,721,104.04,0,0,False,International,1
1813,5,373,83.30667,5,0,False,International,1
1814,1,176,27.189997,0,0,False,Standard,1
1816,7,73,156.81502,24,0,False,Priority,0
1817,8,197,156.26552,14,4,False,Express,1
1818,2,212,112.020004,4,0,False,International,1
1819,5,102,261.02295,21,0,False,International,1
1820,10,97,116.50355,10,0,False,Priority,1
1821,1,923,49.199997,0,0,True,Standard,1
1822,4,244,63.686363,1,0,False,Standard,1
1824,9,42,88.31546,12,9,True,Priority,0
1826,1,1025,72.44,0,0,True,Standard,1
1828,1,648,20.15,0,0,False,Express,1
1830,5,14,58.059998,2,0,False,Express,0
1831,4,41,78.75714,6,2,False,International,0
1832,1,841,28.539999,0,2,False,Express,1
1833,3,71,208.432,6,4,False,Priority,0
1834,7,81,118.48432,10,2,False,Priority,0
1835,2,297,18.919998,0,1,False,International,1
1836,6,41,352.8,30,0,True,Express,0
1837,4,121,226.29272,6,0,True,International,1
1840,7,57,132.09334,8,0,True,International,0
1841,1,896,36.42,0,0,False,Express,1
1842,6,57,61.187824,2,4,False,Express,0
1843,9,88,149.15714,14,6,False,Standard,0
1844,19,68,301.41815,52,0,True,Standard,0
1846,3,29,86.89526,4,0,False,International,0
1848,6,142,162.64111,14,0,False,Express,1
1849,2,397,16.616667,0,0,False,Priority,1
1850,2,677,14.759999,0,0,False,Standard,1
1851,4,49,147.39557,4,0,False,Express,0
1852,1,914,100.68,3,0,False,Standard,1
1853,12,15,133.56862,10,0,False,Express,0
1854,6,82,132.53801,6,0,False,Express,0
1855,4,181,96.98571,5,0,False,Standard,1
1857,1,273,95.76,0,4,False,International,1
1858,4,429,249.81546,6,0,True,International,1
1859,1,862,63.78,0,0,False,Express,1
1862,8,27,239.89078,18,8,False,Priority,0
1863,1,742,34.96,0,0,False,International,1
1864,3,99,43.34667,0,2,False,Express,1
1865,5,255,182.28102,15,0,True,Standard,1
1867,5,131,180.49715,15,0,True,International,1
1869,5,114,107.415,6,0,False,Priority,1
1870,4,134,43.811428,2,0,False,International,1
1871,4,26,30.46889,2,0,False,International,0
1872,4,291,145.85667,10,0,False,Express,1
1873,11,14,244.90541,24,0,True,Priority,0
1876,3,451,91.18285,2,4,False,Priority,1
1877,1,795,92.28,3,0,False,Priority,1
1878,1,186,81.06,0,0,False,International,1
1879,16,154,219.65373,33,9,True,International,1
1880,2,441,85.68,2,0,False,International,1
1882,2,579,109.42,6,4,False,Express,1
1883,1,893,3.4,0,0,False,International,1
1885,5,109,68.438576,5,0,False,Priority,1
1886,10,286,141.10983,26,0,False,Priority,1
1887,4,27,72.768,4,0,False,International,0
1888,1,424,38.879997,0,0,False,Priority,1
1890,1,110,47.42,0,0,False,Standard,1
1891,8,13,197.91556,16,4,False,Express,0
1893,1,21,103.6,2,0,False,Priority,0
1896,8,308,106.442665,8,0,True,International,1
1897,2,398,36.370003,0,0,False,Priority,1
1898,14,22,294.2693,36,0,True,Priority,0
1899,8,38,110.19333,20,0,True,International,0
1901,4,160,54.46,6,0,False,International,1
1902,4,160,134.0089,8,0,False,International,1
1903,2,242,49.66857,2,3,False,Priority,1
1904,3,354,163.14667,10,0,True,International,1
1906,2,583,105.42571,0,0,False,Express,1
1907,4,558,78.21778,2,1,False,International,1
1908,1,741,38.2,0,0,False,International,1
1909,1,1069,93.44,4,0,True,International,1
1910,6,12,172.70256,12,4,False,International,0
1911,8,135,94.3328,12,0,False,Priority,1
1912,1,956,13.660001,0,0,False,International,1
1913,1,873,119.1,2,0,False,Express,1
1914,2,177,215.36002,10,0,False,Priority,1
1916,5,48,70.35212,2,0,False,International,0
1917,13,49,150.39056,24,0,False,International,0
1918,4,608,366.59998,9,0,True,Express,1
1920,7,262,47.91375,5,1,False,Express,1
1921,1,83,3.5,0,0,False,Priority,0
1922,4,27,99.43714,0,0,False,Standard,0
1923,6,146,58.761173,6,0,False,Priority,1
1924,3,583,135.005,14,0,False,Express,1
1926,11,158,198.6105,27,6,False,International,1
1927,5,69,191.4425,10,0,False,Standard,0
1928,8,24,165.59352,30,0,False,Priority,0
1929,2,226,107.60801,0,0,True,International,1
1930,1,909,27.86,0,0,False,Express,1
1931,13,41,226.7478,36,0,False,Standard,0
1932,11,120,165.84087,16,2,False,Express,1
1934,5,520,77.71733,4,0,False,Priority,1
1935,3,64,89.06933,7,0,False,International,0
1936,2,301,94.14363,4,0,False,Express,1
1937,3,55,80.544,0,0,False,Express,0
1938,1,639,220.32,0,0,True,Standard,1
1939,1,876,59.6,0,0,False,Priority,1
1940,4,111,136.77455,4,0,False,Priority,1
1941,1,879,3.0,1,0,False,Standard,1
1942,7,11,95.49218,4,8,False,Standard,0
1943,1,114,4.6,0,0,False,Express,1
1944,3,222,102.98286,4,0,True,Express,1
1945,3,512,104.89,8,0,False,International,1
1947,4,207,67.768,2,0,False,Express,1
1948,1,794,74.0,2,0,False,Express,1
1949,9,30,320.9304,24,0,True,Standard,0
1950,1,1028,43.32,2,0,False,Priority,1
1951,1,795,27.72,1,0,False,Priority,1
1952,3,520,30.178335,0,2,False,International,1
1953,7,95,61.822426,3,0,False,Express,1
1954,1,764,67.52,0,0,False,Priority,1
1955,4,39,90.31384,12,2,True,International,0
1957,8,342,88.94653,10,4,False,International,1
1958,2,903,59.85,1,0,False,Priority,1
1959,3,718,38.868,0,0,False,Priority,1
1960,2,175,64.262856,1,0,False,Express,1
1961,3,489,111.14,4,0,False,Express,1
1962,1,166,18.39,0,0,False,Standard,1
1963,9,30,130.67479,20,0,True,Priority,0
1965,9,149,271.3906,30,0,True,Express,1
1966,5,80,61.779312,5,0,False,Express,0
1967,5,302,254.08308,8,0,True,Standard,1
1968,7,26,46.804287,3,0,False,International,0
1969,6,430,316.82,20,0,False,Standard,1
1970,6,224,124.31643,8,0,False,Express,1
1971,1,644,33.36,0,0,False,Express,1
1973,3,692,92.423996,2,0,False,Priority,1
1974,12,23,246.143,15,15,True,Standard,0
1975,6,53,59.19714,4,3,False,Standard,0
1976,4,52,47.642223,1,0,False,Standard,0
1978,4,563,190.9348,10,0,True,Priority,1
1980,7,83,101.090515,5,0,False,International,0
1981,1,1020,239.6,4,0,False,Standard,1
1982,1,105,42.2,2,0,False,Priority,1
1983,1,259,19.12,0,0,False,Standard,1
1985,6,238,382.845,21,0,True,Priority,1
1986,6,80,195.15346,10,0,False,Standard,0
1987,1,824,72.28,1,0,False,Express,1
1988,1,527,88.05,0,0,False,Standard,1
1989,9,220,111.51131,12,0,False,Express,1
1991,1,175,168.16,4,0,True,Priority,1
1994,2,21,109.89001,4,0,False,International,0
1998,1,333,60.36,1,0,False,Express,1
2000,2,18,24.4,0,2,False,International,0
